2019/11/02 00:04:03.268,66.739998626709,25.2000007629395
2019/11/02 00:09:03.933,66.739998626709,25.2000007629395
2019/11/02 00:14:04.529,66.739998626709,25.2000007629395
2019/11/02 00:19:05.191,66.739998626709,25.2000007629395
2019/11/02 00:24:05.814,66.739998626709,25.2000007629395
2019/11/02 00:29:19.188,66.739998626709,25.2000007629395
2019/11/02 00:34:19.829,66.739998626709,25.2999992370605
2019/11/02 00:39:48.346,66.560001373291,25.2999992370605
2019/11/02 00:44:49.046,66.560001373291,25.2999992370605
2019/11/02 00:49:49.730,66.560001373291,25.3999996185303
2019/11/02 00:54:55.490,66.3800006866455,25.6000003814697
2019/11/02 01:00:03.766,66.2,25.6000003814697
2019/11/02 01:05:12.045,66.0199993133545,25.7000007629395
2019/11/02 01:10:12.718,66.0199993133545,25.6000003814697
2019/11/02 01:15:26.063,65.839998626709,25.8999996185303
2019/11/02 01:20:39.377,65.660001373291,25.8999996185303
2019/11/02 01:25:40.017,65.660001373291,25.8999996185303
2019/11/02 01:30:40.675,65.660001373291,26
2019/11/02 01:35:41.269,65.660001373291,26.1000003814697
2019/11/02 01:40:41.911,65.4800006866455,26.2000007629395
2019/11/02 01:45:42.589,65.4800006866455,26.2999992370605
2019/11/02 01:50:43.216,65.3,26.3999996185303
2019/11/02 01:55:59.076,64.939998626709,26.5
2019/11/02 02:00:59.748,64.939998626709,26.5
2019/11/02 02:06:00.412,64.939998626709,26.6000003814697
2019/11/02 02:11:00.968,64.5800006866455,26.7000007629395
2019/11/02 02:16:01.655,64.4,26.7999992370605
2019/11/02 02:21:02.327,64.4,26.8999996185303
2019/11/02 02:26:02.999,64.2199993133545,27
2019/11/02 02:31:03.625,64.2199993133545,27
2019/11/02 02:36:04.292,64.039998626709,27
2019/11/02 02:41:10.055,63.860001373291,27.2000007629395
2019/11/02 02:46:10.730,63.860001373291,27.2000007629395
2019/11/02 02:51:11.395,63.860001373291,27.2999992370605
2019/11/02 02:56:17.148,63.6800006866455,27.3999996185303
2019/11/02 03:01:17.808,63.6800006866455,27.3999996185303
2019/11/02 03:06:18.476,63.6800006866455,27.5
2019/11/02 03:11:24.206,63.3199993133545,27.6000003814697
2019/11/02 03:16:24.871,63.3199993133545,27.6000003814697
2019/11/02 03:21:25.523,63.3199993133545,27.7000007629395
2019/11/02 03:26:26.190,63.3199993133545,27.7000007629395
2019/11/02 03:31:26.833,63.3199993133545,27.7999992370605
2019/11/02 03:36:27.502,62.960001373291,27.7999992370605
2019/11/02 03:41:28.247,62.6,27.8999996185303
2019/11/02 03:46:28.989,62.6,28
2019/11/02 03:51:29.722,62.4199993133545,28.1000003814697
2019/11/02 03:56:32.953,62.060001373291,28.2000007629395
2019/11/02 04:01:33.532,62.060001373291,28.2000007629395
2019/11/02 04:06:34.187,62.060001373291,28.2999992370605
2019/11/02 04:11:34.833,62.060001373291,28.5
2019/11/02 04:16:35.439,62.239998626709,28.5
2019/11/02 04:21:36.099,62.239998626709,28.3999996185303
2019/11/02 04:26:36.740,62.239998626709,28.5
2019/11/02 04:31:37.581,62.239998626709,28.6000003814697
2019/11/02 04:36:38.393,61.8800006866455,28.7000007629395
2019/11/02 04:41:39.239,61.8800006866455,28.7000007629395
2019/11/02 04:46:40.066,61.7,28.8999996185303
2019/11/02 04:51:40.961,61.7,29
2019/11/02 04:56:41.805,61.5199993133545,29.1000003814697
2019/11/02 05:01:42.570,61.339998626709,29.2000007629395
2019/11/02 05:06:43.321,61.5199993133545,29.2000007629395
2019/11/02 05:11:44.145,61.5199993133545,29.2000007629395
2019/11/02 05:16:44.995,61.5199993133545,29.2999992370605
2019/11/02 05:21:45.840,61.5199993133545,29.2999992370605
2019/11/02 05:26:47.313,61.5199993133545,29.2999992370605
2019/11/02 05:31:48.155,61.5199993133545,29.3999996185303
2019/11/02 05:36:48.974,61.339998626709,29.3999996185303
2019/11/02 05:41:52.080,61.339998626709,29.3999996185303
2019/11/02 05:46:54.219,61.160001373291,29.5
2019/11/02 05:51:54.983,61.160001373291,29.6000003814697
2019/11/02 05:56:55.758,61.160001373291,29.6000003814697
2019/11/02 06:01:59.022,60.9800006866455,29.6000003814697
2019/11/02 06:06:59.748,60.9800006866455,29.6000003814697
2019/11/02 06:12:00.480,60.6199993133545,29.7000007629395
2019/11/02 06:17:01.208,60.4400003433228,29.8999996185303
2019/11/02 06:22:01.970,60.0800006866455,30
2019/11/02 06:27:04.368,59.7199993133545,30.1000003814697
2019/11/02 06:32:05.088,59.3599996566772,30.2999992370605
2019/11/02 06:37:05.808,59.1800006866455,30.3999996185303
2019/11/02 06:42:06.528,59,30.5
2019/11/02 06:47:07.260,58.8199993133545,30.6000003814697
2019/11/02 06:52:07.978,58.8199993133545,30.7000007629395
2019/11/02 06:57:08.709,58.6400003433228,30.7999992370605
2019/11/02 07:02:09.428,58.6400003433228,30.7999992370605
2019/11/02 07:07:10.170,58.2800006866455,30.8999996185303
2019/11/02 07:12:10.888,58.2800006866455,31.1000003814697
2019/11/02 07:17:11.642,58.1,31.1000003814697
2019/11/02 07:22:12.368,58.1,31.1000003814697
2019/11/02 07:27:13.090,58.1,31.2999992370605
2019/11/02 07:32:13.808,58.1,31.2999992370605
2019/11/02 07:37:14.530,57.9199993133545,31.3999996185303
2019/11/02 07:42:15.248,57.7400003433228,31.5
2019/11/02 07:47:15.970,57.5599996566772,31.6000003814697
2019/11/02 07:52:16.708,57.5599996566772,31.7000007629395
2019/11/02 07:57:17.429,57.7400003433228,31.7000007629395
2019/11/02 08:02:20.801,57.7400003433228,31.7999992370605
2019/11/02 08:07:21.608,57.7400003433228,31.7999992370605
2019/11/02 08:12:22.356,57.9199993133545,31.7999992370605
2019/11/02 08:17:23.166,58.1,31.7000007629395
2019/11/02 08:22:23.967,58.4599996566772,31.6000003814697
2019/11/02 08:27:24.810,58.4599996566772,31.7000007629395
2019/11/02 08:32:25.611,59,31.6000003814697
2019/11/02 08:37:26.368,59.3599996566772,31.3999996185303
2019/11/02 08:42:27.161,60.4400003433228,31
2019/11/02 08:47:27.995,62.060001373291,30.5
2019/11/02 08:52:28.738,64.2199993133545,29.8999996185303
2019/11/02 08:57:29.436,66.3800006866455,29.2999992370605
2019/11/02 09:02:31.438,68.7199993133545,28.7000007629395
2019/11/02 09:07:32.158,71.4199993133545,28
2019/11/02 09:12:32.890,74.1199993133545,27.3999996185303
2019/11/02 09:17:36.162,76.460001373291,26.8999996185303
2019/11/02 09:22:36.878,76.2800006866455,26.7999992370605
2019/11/02 09:27:37.620,77,26.8999996185303
2019/11/02 09:32:38.348,77.9,26.7000007629395
2019/11/02 09:37:39.080,78.6199993133545,26.6000003814697
2019/11/02 09:42:39.828,78.9800006866455,26.5
2019/11/02 09:47:40.547,78.9800006866455,26.2999992370605
2019/11/02 09:52:43.803,79.339998626709,26
2019/11/02 09:58:02.289,79.7,25.7999992370605
2019/11/02 10:03:33.439,79.7,25.2999992370605
2019/11/02 10:09:11.695,,
2019/11/02 10:14:49.886,,
2019/11/02 10:19:58.148,80.7800006866455,24.2999992370605
2019/11/02 10:25:08.952,81.139998626709,23.8999996185303
2019/11/02 10:30:14.696,81.5,23.7000007629395
2019/11/02 10:35:48.301,81.860001373291,23.2000007629395
2019/11/02 10:41:04.187,82.4,23.1000003814697
2019/11/02 10:46:04.841,82.4,23.1000003814697
2019/11/02 10:51:30.864,83.4800006866455,22.2999992370605
2019/11/02 10:56:46.751,83.839998626709,22.2000007629395
2019/11/02 11:01:52.498,84.0199993133545,22
2019/11/02 11:06:55.673,84.560001373291,22
2019/11/02 11:12:11.570,85.1,21.7999992370605
2019/11/02 11:17:12.248,85.2800006866455,21.8999996185303
2019/11/02 11:22:22.953,85.8199993133545,21.5
2019/11/02 11:27:46.429,86.360001373291,21.3999996185303
2019/11/02 11:32:47.136,86.360001373291,21.3999996185303
2019/11/02 11:38:00.445,88.160001373291,21.1000003814697
2019/11/02 11:43:03.668,89.060001373291,20.7000007629395
2019/11/02 11:48:04.375,88.8800006866455,20.6000003814697
2019/11/02 11:53:04.957,89.060001373291,20
2019/11/02 11:58:05.613,89.060001373291,20
2019/11/02 12:03:06.170,89.6,19.8999996185303
2019/11/02 12:08:09.373,91.220002746582,19.7999992370605
2019/11/02 12:13:10.052,91.039998626709,19.7999992370605
2019/11/02 12:18:10.650,92.3,19.7999992370605
2019/11/02 12:23:13.854,93.739998626709,19.7000007629395
2019/11/02 12:28:14.539,93.560001373291,19.7000007629395
2019/11/02 12:33:15.130,95,19.6000003814697
2019/11/02 12:38:15.818,96.079997253418,19.2999992370605
2019/11/02 12:43:16.380,96.8,18.8999996185303
2019/11/02 12:48:17.074,97.339998626709,18.7000007629395
2019/11/02 12:53:17.730,97.879997253418,18.6000003814697
2019/11/02 12:58:18.486,97.879997253418,18.2999992370605
2019/11/02 13:03:19.050,97.879997253418,18
2019/11/02 13:08:19.743,98.239998626709,18
2019/11/02 13:13:20.401,98.420002746582,17.7999992370605
2019/11/02 13:18:20.998,99.139998626709,18
2019/11/02 13:23:21.667,99.5,17.7000007629395
2019/11/02 13:28:22.229,99.679997253418,17.7000007629395
2019/11/02 13:33:38.075,100.039998626709,17.6000003814697
2019/11/02 13:38:38.729,100.039998626709,17.6000003814697
2019/11/02 13:43:41.958,99.860001373291,17.3999996185303
2019/11/02 13:48:50.104,99.679997253418,17.2999992370605
2019/11/02 13:54:26.246,99.5,17.2000007629395
2019/11/02 13:59:29.467,99.860001373291,17.2999992370605
2019/11/02 14:05:07.601,,
2019/11/02 14:10:23.407,100.760001373291,17.3999996185303
2019/11/02 14:15:29.157,101.479997253418,17.5
2019/11/02 14:20:32.342,102.020002746582,17.3999996185303
2019/11/02 14:25:45.642,101.839998626709,17.2000007629395
2019/11/02 14:31:23.820,,
2019/11/02 14:36:42.215,101.479997253418,17
2019/11/02 14:41:58.048,100.579997253418,16.8999996185303
2019/11/02 14:47:03.794,100.039998626709,16.8999996185303
2019/11/02 14:52:24.673,99.5,17
2019/11/02 14:57:32.971,99.139998626709,17.1000003814697
2019/11/02 15:02:38.747,98.960001373291,17
2019/11/02 15:07:39.434,98.960001373291,17.1000003814697
2019/11/02 15:12:40.134,98.960001373291,17.1000003814697
2019/11/02 15:17:40.815,98.6,17.1000003814697
2019/11/02 15:22:41.492,98.239998626709,17.1000003814697
2019/11/02 15:27:47.230,97.339998626709,17.1000003814697
2019/11/02 15:32:47.897,97.339998626709,17.1000003814697
2019/11/02 15:37:48.577,96.979997253418,17.2000007629395
2019/11/02 15:42:49.190,96.260001373291,17.2999992370605
2019/11/02 15:47:49.867,96.079997253418,17.5
2019/11/02 15:52:50.549,96.079997253418,17.6000003814697
2019/11/02 15:57:51.188,95.9,17.7999992370605
2019/11/02 16:02:51.860,95.9,17.8999996185303
2019/11/02 16:07:54.968,94.460001373291,18.2000007629395
2019/11/02 16:12:58.192,94.1,18.6000003814697
2019/11/02 16:17:58.878,93.920002746582,18.5
2019/11/02 16:23:02.083,91.579997253418,19.1000003814697
2019/11/02 16:28:02.668,91.579997253418,19.1000003814697
2019/11/02 16:33:03.327,90.139998626709,19.5
2019/11/02 16:38:03.938,88.7,20
2019/11/02 16:43:04.603,87.439998626709,20.3999996185303
2019/11/02 16:48:05.396,85.639998626709,20.8999996185303
2019/11/02 16:53:06.046,84.0199993133545,21.3999996185303
2019/11/02 16:58:09.218,80.239998626709,22.2999992370605
2019/11/02 17:03:09.898,80.060001373291,22.2000007629395
2019/11/02 17:08:10.481,78.439998626709,22.7999992370605
2019/11/02 17:13:16.274,75.3800006866455,23.7999992370605
2019/11/02 17:18:16.921,75.3800006866455,23.7999992370605
2019/11/02 17:23:17.600,74.3,24.2000007629395
2019/11/02 17:28:18.280,73.2199993133545,24.8999996185303
2019/11/02 17:33:18.878,72.3199993133545,25.1000003814697
2019/11/02 17:38:19.470,71.6,25.6000003814697
2019/11/02 17:43:20.068,70.7,25.7000007629395
2019/11/02 17:48:20.720,69.8,26
2019/11/02 17:53:21.298,69.0800006866455,26.2999992370605
2019/11/02 17:58:21.972,68.1800006866455,26.6000003814697
2019/11/02 18:03:22.651,67.2800006866455,26.8999996185303
2019/11/02 18:08:23.330,66.560001373291,27.2999992370605
2019/11/02 18:13:23.928,65.839998626709,27.6000003814697
2019/11/02 18:18:27.134,64.4,28.1000003814697
2019/11/02 18:23:27.738,64.2199993133545,28.1000003814697
2019/11/02 18:28:28.393,63.6800006866455,28.2999992370605
2019/11/02 18:33:28.978,63.139998626709,28.7000007629395
2019/11/02 18:38:29.625,62.6,29
2019/11/02 18:43:30.310,61.8800006866455,29.2000007629395
2019/11/02 18:48:30.930,61.339998626709,29.5
2019/11/02 18:53:31.604,60.9800006866455,29.8999996185303
2019/11/02 18:58:32.170,62.6,29.7000007629395
2019/11/02 19:03:32.846,64.760001373291,29.1000003814697
2019/11/02 19:08:33.400,66.0199993133545,28.7000007629395
2019/11/02 19:13:34.085,67.1,28.3999996185303
2019/11/02 19:18:34.670,67.639998626709,28.2000007629395
2019/11/02 19:23:35.342,68.1800006866455,28.1000003814697
2019/11/02 19:28:35.930,68.360001373291,28.1000003814697
2019/11/02 19:33:36.610,68.7199993133545,28.1000003814697
2019/11/02 19:38:37.200,68.7199993133545,28.1000003814697
2019/11/02 19:43:37.877,68.9,28.2000007629395
2019/11/02 19:48:38.460,68.9,28.2000007629395
2019/11/02 19:53:39.135,68.9,28.2999992370605
2019/11/02 19:58:39.730,68.9,28.2999992370605
2019/11/02 20:03:40.400,68.9,28.3999996185303
2019/11/02 20:08:40.960,68.9,28.5
2019/11/02 20:13:41.643,68.9,28.5
2019/11/02 20:18:42.210,68.7199993133545,28.6000003814697
2019/11/02 20:23:42.888,68.539998626709,28.7000007629395
2019/11/02 20:28:43.490,68.360001373291,28.8999996185303
2019/11/02 20:33:44.228,68.360001373291,29
2019/11/02 20:38:44.890,68.1800006866455,29
2019/11/02 20:43:45.468,68,29.2000007629395
2019/11/02 20:48:46.020,68,29.2999992370605
2019/11/02 20:53:46.693,68,29.2999992370605
2019/11/02 20:58:47.290,67.8199993133545,29.2999992370605
2019/11/02 21:03:47.957,67.8199993133545,29.3999996185303
2019/11/02 21:08:48.600,67.8199993133545,29.5
2019/11/02 21:13:49.198,67.460001373291,29.5
2019/11/02 21:18:49.843,67.460001373291,29.6000003814697
2019/11/02 21:23:50.508,67.2800006866455,29.7000007629395
2019/11/02 21:28:53.659,66.739998626709,29.8999996185303
2019/11/02 21:33:54.334,66.739998626709,29.8999996185303
2019/11/02 21:38:54.888,66.739998626709,30
2019/11/02 21:43:55.565,66.560001373291,30.1000003814697
2019/11/02 21:48:56.120,66.2,30.2000007629395
2019/11/02 21:53:56.795,66.3800006866455,30.2999992370605
2019/11/02 21:58:57.350,66.3800006866455,30.3999996185303
2019/11/02 22:03:58.025,66.0199993133545,30.6000003814697
2019/11/02 22:08:58.681,65.839998626709,30.7000007629395
2019/11/02 22:13:59.298,65.660001373291,30.8999996185303
2019/11/02 22:18:59.944,65.660001373291,31
2019/11/02 22:24:00.528,65.660001373291,31.1000003814697
2019/11/02 22:29:01.186,65.660001373291,31.1000003814697
2019/11/02 22:34:01.912,65.660001373291,31.2000007629395
2019/11/02 22:39:02.480,65.4800006866455,31.2999992370605
2019/11/02 22:44:03.156,65.4800006866455,31.5
2019/11/02 22:49:03.710,65.4800006866455,31.5
2019/11/02 22:54:04.378,65.3,31.6000003814697
2019/11/02 22:59:04.940,65.1199993133545,31.7000007629395
2019/11/02 23:04:05.621,65.1199993133545,31.7999992370605
2019/11/02 23:09:06.271,65.3,31.7999992370605
2019/11/02 23:14:06.888,65.3,31.7999992370605
2019/11/02 23:19:07.535,65.1199993133545,31.8999996185303
2019/11/02 23:24:08.128,64.939998626709,32
2019/11/02 23:29:08.784,64.760001373291,32.2000007629395
2019/11/02 23:34:11.993,64.760001373291,32.2999992370605
2019/11/02 23:39:12.598,64.5800006866455,32.2999992370605
2019/11/02 23:44:13.245,64.4,32.2999992370605
2019/11/02 23:49:13.930,64.4,32.5
2019/11/02 23:54:14.550,64.2199993133545,32.7000007629395
2019/11/02 23:59:15.230,64.2199993133545,32.7000007629395
2019/11/03 00:04:18.416,64.039998626709,32.7999992370605
2019/11/03 00:09:19.018,64.039998626709,32.7999992370605
2019/11/03 00:14:19.668,63.860001373291,32.9000015258789
2019/11/03 00:19:20.248,63.6800006866455,33.0999984741211
2019/11/03 00:24:20.890,63.5,33.2000007629395
2019/11/03 00:29:21.618,63.5,33.2999992370605
2019/11/03 00:34:22.230,63.3199993133545,33.2999992370605
2019/11/03 00:39:22.888,63.3199993133545,33.4000015258789
2019/11/03 00:44:23.480,63.139998626709,33.5
2019/11/03 00:49:26.685,63.3199993133545,33.5999984741211
2019/11/03 00:54:27.358,63.139998626709,33.5
2019/11/03 00:59:27.950,63.3199993133545,33.5999984741211
2019/11/03 01:04:28.632,63.3199993133545,33.5999984741211
2019/11/03 01:09:29.190,63.139998626709,33.5999984741211
2019/11/03 01:14:29.856,62.960001373291,33.7999992370605
2019/11/03 01:19:30.419,62.960001373291,33.9000015258789
2019/11/03 01:24:31.045,62.7800006866455,34
2019/11/03 01:29:31.660,62.7800006866455,34.0999984741211
2019/11/03 01:34:32.340,62.7800006866455,34.2000007629395
2019/11/03 01:39:32.899,62.6,34.4000015258789
2019/11/03 01:44:33.587,62.6,34.5999984741211
2019/11/03 01:49:34.150,62.4199993133545,34.5999984741211
2019/11/03 01:54:34.828,62.4199993133545,34.7000007629395
2019/11/03 01:59:35.380,62.239998626709,34.9000015258789
2019/11/03 01:04:36.062,62.060001373291,34.9000015258789
2019/11/03 01:09:36.712,62.239998626709,35
2019/11/03 01:14:37.328,62.060001373291,34.9000015258789
2019/11/03 01:19:40.542,61.5199993133545,35.2000007629395
2019/11/03 01:24:41.127,61.5199993133545,35.2000007629395
2019/11/03 01:29:41.800,61.5199993133545,35.2999992370605
2019/11/03 01:34:42.446,61.339998626709,35.2999992370605
2019/11/03 01:39:43.038,61.5199993133545,35.2999992370605
2019/11/03 01:44:43.688,61.5199993133545,35.2000007629395
2019/11/03 01:49:44.328,61.5199993133545,35.2000007629395
2019/11/03 01:54:44.975,61.5199993133545,35.2999992370605
2019/11/03 01:59:45.608,61.5199993133545,35.4000015258789
2019/11/03 02:04:46.263,61.5199993133545,35.4000015258789
2019/11/03 02:09:46.945,61.7,35.4000015258789
2019/11/03 02:14:47.592,61.8800006866455,35.2999992370605
2019/11/03 02:19:48.275,61.8800006866455,35.2999992370605
2019/11/03 02:24:48.940,61.7,35.4000015258789
2019/11/03 02:29:49.621,61.5199993133545,35.5
2019/11/03 02:34:52.757,61.339998626709,35.5
2019/11/03 02:39:53.427,61.339998626709,35.5
2019/11/03 02:44:54.008,61.339998626709,35.5999984741211
2019/11/03 02:49:54.655,61.160001373291,35.7000007629395
2019/11/03 02:54:55.248,61.160001373291,35.7000007629395
2019/11/03 02:59:55.899,61.339998626709,35.7000007629395
2019/11/03 03:04:56.488,61.339998626709,35.7000007629395
2019/11/03 03:09:57.135,61.339998626709,35.7000007629395
2019/11/03 03:14:57.738,61.339998626709,35.7999992370605
2019/11/03 03:19:58.396,61.160001373291,35.7000007629395
2019/11/03 03:24:58.988,61.160001373291,35.7999992370605
2019/11/03 03:29:59.647,61.160001373291,35.9000015258789
2019/11/03 03:35:00.298,60.9800006866455,35.9000015258789
2019/11/03 03:40:00.967,60.9800006866455,36.0999984741211
2019/11/03 03:45:01.613,60.8,36.0999984741211
2019/11/03 03:50:02.259,60.8,36.2999992370605
2019/11/03 03:55:02.938,60.8,36.2999992370605
2019/11/03 04:00:03.594,60.8,36.2999992370605
2019/11/03 04:05:04.208,60.6199993133545,36.4000015258789
2019/11/03 04:10:04.855,60.6199993133545,36.5
2019/11/03 04:15:05.543,60.4400003433228,36.5
2019/11/03 04:20:06.201,60.4400003433228,36.7000007629395
2019/11/03 04:25:06.888,60.0800006866455,37
2019/11/03 04:30:07.537,60.0800006866455,37
2019/11/03 04:35:08.217,59.9,37.2000007629395
2019/11/03 04:40:08.871,60.0800006866455,37.0999984741211
2019/11/03 04:45:09.548,60.0800006866455,37.2000007629395
2019/11/03 04:50:10.196,59.9,37.2999992370605
2019/11/03 04:55:10.873,59.7199993133545,37.5
2019/11/03 05:00:14.054,59.3599996566772,37.7999992370605
2019/11/03 05:05:14.731,59.3599996566772,37.7999992370605
2019/11/03 05:10:15.381,59.3599996566772,38
2019/11/03 05:15:16.061,59.1800006866455,38.0999984741211
2019/11/03 05:20:16.713,59.1800006866455,38
2019/11/03 05:25:17.456,59.1800006866455,38.0999984741211
2019/11/03 05:30:18.108,59.1800006866455,38
2019/11/03 05:35:18.792,59.1800006866455,38
2019/11/03 05:40:19.440,59.3599996566772,37.9000015258789
2019/11/03 05:45:22.654,59.1800006866455,37.9000015258789
2019/11/03 05:50:23.334,59.1800006866455,37.9000015258789
2019/11/03 05:55:23.938,59,38
2019/11/03 06:00:24.617,59,38.0999984741211
2019/11/03 06:05:25.267,59.1800006866455,38.0999984741211
2019/11/03 06:10:25.858,59.3599996566772,37.9000015258789
2019/11/03 06:15:26.505,59.5400003433228,37.7999992370605
2019/11/03 06:20:27.174,59.7199993133545,37.7999992370605
2019/11/03 06:25:27.822,59.7199993133545,37.7999992370605
2019/11/03 06:30:31.130,59.7199993133545,37.7999992370605
2019/11/03 06:35:31.848,59.5400003433228,37.7999992370605
2019/11/03 06:40:32.623,59.7199993133545,37.9000015258789
2019/11/03 06:45:35.983,59.7199993133545,37.7999992370605
2019/11/03 06:50:36.690,59.7199993133545,37.7999992370605
2019/11/03 06:55:37.368,59.9,37.7999992370605
2019/11/03 07:00:37.993,59.9,37.7000007629395
2019/11/03 07:05:38.665,59.9,37.7999992370605
2019/11/03 07:10:39.322,59.7199993133545,37.7999992370605
2019/11/03 07:15:39.938,59.5400003433228,38.2000007629395
2019/11/03 07:20:40.586,59.5400003433228,38.2000007629395
2019/11/03 07:25:41.188,59.7199993133545,38.2000007629395
2019/11/03 07:30:41.750,59.7199993133545,38.2000007629395
2019/11/03 07:35:42.427,60.0800006866455,37.9000015258789
2019/11/03 07:40:43.087,60.9800006866455,37.5999984741211
2019/11/03 07:45:43.708,62.239998626709,37
2019/11/03 07:50:44.360,64.039998626709,36.0999984741211
2019/11/03 07:55:45.039,65.660001373291,35.2999992370605
2019/11/03 08:00:45.690,67.8199993133545,34.5999984741211
2019/11/03 08:05:46.374,69.9800006866455,33.5999984741211
2019/11/03 08:10:46.940,72.5,32.7000007629395
2019/11/03 08:15:47.617,74.4800006866455,31.7999992370605
2019/11/03 08:20:48.190,75.0199993133545,31.7000007629395
2019/11/03 08:25:48.870,75.2,31.7999992370605
2019/11/03 08:30:52.007,75.9199993133545,31.6000003814697
2019/11/03 08:35:52.707,75.9199993133545,31.6000003814697
2019/11/03 08:40:58.485,76.460001373291,31.5
2019/11/03 08:45:59.148,76.2800006866455,31.3999996185303
2019/11/03 08:50:59.768,76.8199993133545,31.2999992370605
2019/11/03 08:56:00.443,77.539998626709,31.1000003814697
2019/11/03 09:01:01.121,78.439998626709,30.7000007629395
2019/11/03 09:06:01.796,79.339998626709,30.2999992370605
2019/11/03 09:11:02.475,80.060001373291,30
2019/11/03 09:16:03.149,80.960001373291,29.8999996185303
2019/11/03 09:21:03.832,81.5,29.7000007629395
2019/11/03 09:26:04.502,82.5800006866455,29.5
2019/11/03 09:31:05.179,83.3,29.2999992370605
2019/11/03 09:36:05.860,83.839998626709,28.8999996185303
2019/11/03 09:41:06.540,84.3800006866455,28.7999992370605
2019/11/03 09:46:07.215,84.3800006866455,28.1000003814697
2019/11/03 09:51:07.894,84.560001373291,28.2000007629395
2019/11/03 09:56:08.587,84.739998626709,27.7000007629395
2019/11/03 10:01:09.207,84.9199993133545,27.7000007629395
2019/11/03 10:06:09.766,85.460001373291,27.5
2019/11/03 10:11:10.447,86,27.3999996185303
2019/11/03 10:16:11.050,86.7199993133545,27.3999996185303
2019/11/03 10:21:11.719,87.8,27.2000007629395
2019/11/03 10:26:12.404,89.060001373291,27
2019/11/03 10:31:13.083,89.960001373291,26.6000003814697
2019/11/03 10:36:16.327,91.220002746582,26.1000003814697
2019/11/03 10:41:19.537,91.579997253418,25.7999992370605
2019/11/03 10:46:20.195,91.4,25.7999992370605
2019/11/03 10:51:25.936,93.020002746582,25.2999992370605
2019/11/03 10:56:26.613,93.2,25.2999992370605
2019/11/03 11:01:27.294,93.2,25
2019/11/03 11:06:27.979,93.560001373291,24.8999996185303
2019/11/03 11:11:28.667,40.2799998283386,3289.19995117187
2019/11/03 11:16:29.337,95.360001373291,24.7000007629395
2019/11/03 11:21:30.022,96.079997253418,24.5
2019/11/03 11:26:30.702,96.439998626709,24.1000003814697
2019/11/03 11:31:31.385,96.979997253418,23.8999996185303
2019/11/03 11:36:32.073,97.339998626709,23.7000007629395
2019/11/03 11:41:32.748,97.879997253418,23.3999996185303
2019/11/03 11:46:33.421,98.060001373291,23.1000003814697
2019/11/03 11:51:34.102,98.420002746582,23
2019/11/03 11:56:34.728,98.239998626709,22.8999996185303
2019/11/03 12:01:35.417,98.060001373291,22.7000007629395
2019/11/03 12:06:36.072,98.779997253418,22.7000007629395
2019/11/03 12:11:41.815,100.220002746582,22.2999992370605
2019/11/03 12:16:42.459,100.039998626709,22.2999992370605
2019/11/03 12:21:45.707,100.760001373291,22.1000003814697
2019/11/03 12:26:48.927,100.939998626709,22
2019/11/03 12:31:49.591,100.939998626709,22
2019/11/03 12:36:50.207,100.579997253418,22
2019/11/03 12:41:50.877,101.3,22
2019/11/03 12:46:51.547,101.660001373291,21.8999996185303
2019/11/03 12:51:52.192,101.660001373291,21.7999992370605
2019/11/03 12:56:52.808,101.3,21.7999992370605
2019/11/03 13:01:53.437,101.479997253418,21.8999996185303
2019/11/03 13:06:54.057,100.939998626709,21.7999992370605
2019/11/03 13:11:57.287,99.860001373291,21.8999996185303
2019/11/03 13:16:57.987,100.039998626709,21.8999996185303
2019/11/03 13:21:58.640,100.039998626709,22
2019/11/03 13:26:59.247,100.220002746582,22
2019/11/03 13:31:59.818,100.760001373291,22.1000003814697
2019/11/03 13:37:00.440,100.939998626709,22
2019/11/03 13:42:01.123,101.120002746582,21.8999996185303
2019/11/03 13:47:01.680,101.3,22
2019/11/03 13:52:02.278,101.479997253418,21.8999996185303
2019/11/03 13:57:05.457,100.939998626709,21.8999996185303
2019/11/03 14:02:06.112,100.939998626709,21.8999996185303
2019/11/03 14:07:06.791,100.760001373291,22
2019/11/03 14:12:07.467,100.760001373291,22
2019/11/03 14:17:08.143,101.120002746582,22
2019/11/03 14:22:08.814,100.939998626709,21.8999996185303
2019/11/03 14:27:09.459,100.939998626709,21.8999996185303
2019/11/03 14:32:10.133,100.4,22.1000003814697
2019/11/03 14:37:10.827,100.220002746582,22.2000007629395
2019/11/03 14:42:11.490,100.220002746582,22.2000007629395
2019/11/03 14:47:12.098,99.860001373291,22.2000007629395
2019/11/03 14:52:15.305,98.960001373291,22.6000003814697
2019/11/03 14:57:15.983,98.960001373291,22.6000003814697
2019/11/03 15:02:16.632,98.060001373291,22.7999992370605
2019/11/03 15:07:17.311,97.160001373291,23
2019/11/03 15:12:17.964,96.260001373291,23.2999992370605
2019/11/03 15:17:18.601,95.539998626709,23.7000007629395
2019/11/03 15:22:19.244,95,24
2019/11/03 15:27:19.848,94.460001373291,24.2999992370605
2019/11/03 15:32:20.502,93.739998626709,24.6000003814697
2019/11/03 15:37:21.186,93.020002746582,25
2019/11/03 15:42:21.850,91.939998626709,25.2999992370605
2019/11/03 15:47:22.523,90.320002746582,25.7999992370605
2019/11/03 15:52:23.173,87.6199993133545,26.6000003814697
2019/11/03 15:57:23.846,84.9199993133545,27.7000007629395
2019/11/03 16:02:24.493,82.2199993133545,28.6000003814697
2019/11/03 16:07:25.172,80.239998626709,29.2999992370605
2019/11/03 16:12:25.823,78.439998626709,30
2019/11/03 16:17:26.498,77,30.7000007629395
2019/11/03 16:22:27.140,75.739998626709,31.6000003814697
2019/11/03 16:27:27.813,74.4800006866455,32.7999992370605
2019/11/03 16:32:28.459,73.2199993133545,34
2019/11/03 16:37:29.125,72.3199993133545,34.7999992370605
2019/11/03 16:42:29.770,71.4199993133545,35.5
2019/11/03 16:47:30.447,70.339998626709,36.0999984741211
2019/11/03 16:52:31.093,69.439998626709,36.7999992370605
2019/11/03 16:57:31.764,68.539998626709,37.2999992370605
2019/11/03 17:02:32.409,67.639998626709,37.7999992370605
2019/11/03 17:07:33.008,66.739998626709,38.2000007629395
2019/11/03 17:12:33.655,66.2,38.5999984741211
2019/11/03 17:17:34.338,65.3,38.7000007629395
2019/11/03 17:22:34.993,64.760001373291,39.0999984741211
2019/11/03 17:27:35.661,64.2199993133545,39.4000015258789
2019/11/03 17:32:36.309,63.6800006866455,39.9000015258789
2019/11/03 17:37:36.983,63.139998626709,40.2000007629395
2019/11/03 17:42:37.648,62.6,40.5
2019/11/03 17:47:38.319,62.239998626709,40.7000007629395
2019/11/03 17:52:38.965,61.7,41
2019/11/03 17:57:39.632,61.339998626709,41.2999992370605
2019/11/03 18:02:40.277,61.7,41.7000007629395
2019/11/03 18:07:40.878,63.860001373291,40.5999984741211
2019/11/03 18:12:41.525,65.660001373291,39.4000015258789
2019/11/03 18:17:42.118,67.1,38.4000015258789
2019/11/03 18:22:42.763,68.1800006866455,37.9000015258789
2019/11/03 18:27:43.444,68.7199993133545,37.5999984741211
2019/11/03 18:32:44.089,69.260001373291,37.2000007629395
2019/11/03 18:37:44.760,69.6199993133545,37.0999984741211
2019/11/03 18:42:45.409,70.160001373291,36.7000007629395
2019/11/03 18:47:46.085,70.339998626709,36.5999984741211
2019/11/03 18:52:46.732,70.5199993133545,36.5
2019/11/03 18:57:49.931,70.339998626709,36.7000007629395
2019/11/03 19:02:50.610,70.339998626709,36.7000007629395
2019/11/03 19:07:51.281,70.160001373291,36.9000015258789
2019/11/03 19:12:51.960,69.9800006866455,37.2999992370605
2019/11/03 19:17:52.558,69.9800006866455,37.2999992370605
2019/11/03 19:22:53.229,69.8,37.5
2019/11/03 19:27:53.850,69.6199993133545,37.5
2019/11/03 19:32:54.528,69.6199993133545,37.5
2019/11/03 19:37:55.201,69.6199993133545,37.7000007629395
2019/11/03 19:42:55.788,69.260001373291,37.9000015258789
2019/11/03 19:47:56.462,69.439998626709,37.9000015258789
2019/11/03 19:52:57.134,69.6199993133545,37.7999992370605
2019/11/03 19:57:57.805,69.0800006866455,38.0999984741211
2019/11/03 20:02:58.398,68.7199993133545,39
2019/11/03 20:07:59.072,68.539998626709,39.0999984741211
2019/11/03 20:12:59.658,68.360001373291,39.2999992370605
2019/11/03 20:18:00.332,68.539998626709,39.0999984741211
2019/11/03 20:23:00.958,68.7199993133545,38.7999992370605
2019/11/03 20:28:01.631,68.7199993133545,38.5999984741211
2019/11/03 20:33:02.238,68.7199993133545,38.5
2019/11/03 20:38:02.890,68.539998626709,38.7000007629395
2019/11/03 20:43:03.478,68.360001373291,38.7000007629395
2019/11/03 20:48:04.146,68.360001373291,38.9000015258789
2019/11/03 20:53:04.738,68.360001373291,38.9000015258789
2019/11/03 20:58:05.409,68.1800006866455,38.9000015258789
2019/11/03 21:03:06.084,68.1800006866455,38.7999992370605
2019/11/03 21:08:06.750,68,38.9000015258789
2019/11/03 21:13:07.427,67.8199993133545,38.9000015258789
2019/11/03 21:18:08.099,67.8199993133545,39
2019/11/03 21:23:08.777,67.639998626709,39
2019/11/03 21:28:09.443,67.460001373291,39.2000007629395
2019/11/03 21:33:10.115,67.2800006866455,39.2999992370605
2019/11/03 21:38:10.789,67.1,39.2000007629395
2019/11/03 21:43:11.450,67.1,39.2000007629395
2019/11/03 21:48:12.123,66.9199993133545,39.4000015258789
2019/11/03 21:53:12.794,66.739998626709,39.5
2019/11/03 21:58:13.469,66.739998626709,39.5
2019/11/03 22:03:14.145,66.560001373291,39.5999984741211
2019/11/03 22:08:14.821,66.3800006866455,39.7000007629395
2019/11/03 22:13:15.499,66.3800006866455,39.7000007629395
2019/11/03 22:18:16.173,66.2,39.5999984741211
2019/11/03 22:23:16.853,66.2,39.7999992370605
2019/11/03 22:28:20.056,66.0199993133545,39.7000007629395
2019/11/03 22:33:20.728,66.0199993133545,39.7000007629395
2019/11/03 22:38:21.387,66.0199993133545,39.7999992370605
2019/11/03 22:43:22.037,66.0199993133545,39.7000007629395
2019/11/03 22:48:22.684,66.0199993133545,39.9000015258789
2019/11/03 22:53:23.356,65.839998626709,39.9000015258789
2019/11/03 22:58:24.002,65.839998626709,40
2019/11/03 23:03:24.588,65.660001373291,40.0999984741211
2019/11/03 23:08:25.235,65.660001373291,40.0999984741211
2019/11/03 23:13:25.848,65.660001373291,40.0999984741211
2019/11/03 23:18:26.493,65.4800006866455,40.2000007629395
2019/11/03 23:23:27.161,65.3,40.2000007629395
2019/11/03 23:28:27.807,65.4800006866455,40.2000007629395
2019/11/03 23:33:28.474,65.1199993133545,40.2000007629395
2019/11/03 23:38:29.118,64.939998626709,40.2999992370605
2019/11/03 23:43:29.790,64.760001373291,40.4000015258789
2019/11/03 23:48:30.436,64.4,40.5
2019/11/03 23:53:31.109,64.4,40.5
2019/11/03 23:58:31.754,64.039998626709,40.5999984741211
2019/11/04 00:03:32.434,63.860001373291,40.7000007629395
2019/11/04 00:08:33.081,63.6800006866455,40.7999992370605
2019/11/04 00:13:33.753,63.5,40.9000015258789
2019/11/04 00:18:34.398,63.5,41
2019/11/04 00:23:35.065,63.5,41
2019/11/04 00:28:35.712,63.5,40.9000015258789
2019/11/04 00:33:36.382,63.5,40.9000015258789
2019/11/04 00:38:37.027,63.3199993133545,40.9000015258789
2019/11/04 00:43:37.698,63.5,41
2019/11/04 00:48:38.344,63.3199993133545,40.9000015258789
2019/11/04 00:53:39.016,63.3199993133545,40.9000015258789
2019/11/04 00:58:39.661,63.139998626709,40.9000015258789
2019/11/04 01:03:40.335,63.139998626709,41
2019/11/04 01:08:40.981,63.139998626709,41
2019/11/04 01:13:41.656,62.960001373291,41
2019/11/04 01:18:42.302,63.139998626709,41
2019/11/04 01:23:42.975,62.960001373291,41
2019/11/04 01:28:43.621,62.960001373291,41.0999984741211
2019/11/04 01:33:44.288,62.7800006866455,41
2019/11/04 01:38:47.463,62.4199993133545,41.2000007629395
2019/11/04 01:43:48.134,62.4199993133545,41.0999984741211
2019/11/04 01:48:48.781,62.239998626709,41.2999992370605
2019/11/04 01:53:49.452,62.060001373291,41.4000015258789
2019/11/04 01:58:50.098,62.060001373291,41.4000015258789
2019/11/04 02:03:50.765,62.060001373291,41.4000015258789
2019/11/04 02:08:51.411,62.060001373291,41.4000015258789
2019/11/04 02:13:52.088,62.060001373291,41.2999992370605
2019/11/04 02:18:52.734,62.060001373291,41.4000015258789
2019/11/04 02:23:53.318,61.8800006866455,41.5999984741211
2019/11/04 02:28:53.972,61.7,41.7000007629395
2019/11/04 02:33:54.649,61.7,41.7999992370605
2019/11/04 02:38:55.292,61.339998626709,41.9000015258789
2019/11/04 02:43:55.955,61.339998626709,41.9000015258789
2019/11/04 02:48:56.599,61.160001373291,42
2019/11/04 02:53:57.188,61.160001373291,42.2000007629395
2019/11/04 02:58:57.834,61.160001373291,42
2019/11/04 03:03:58.500,61.160001373291,42
2019/11/04 03:08:59.145,61.160001373291,41.9000015258789
2019/11/04 03:13:59.813,61.160001373291,41.9000015258789
2019/11/04 03:19:02.978,61.160001373291,41.7999992370605
2019/11/04 03:24:03.646,61.160001373291,41.7999992370605
2019/11/04 03:29:04.292,60.9800006866455,41.7999992370605
2019/11/04 03:34:04.961,60.9800006866455,41.7999992370605
2019/11/04 03:39:05.607,60.8,41.9000015258789
2019/11/04 03:44:06.276,60.8,41.9000015258789
2019/11/04 03:49:06.919,60.8,41.9000015258789
2019/11/04 03:54:07.591,60.6199993133545,41.9000015258789
2019/11/04 03:59:08.236,60.6199993133545,41.7999992370605
2019/11/04 04:04:08.818,60.4400003433228,41.9000015258789
2019/11/04 04:09:09.463,60.2599996566772,42
2019/11/04 04:14:10.133,60.0800006866455,42.0999984741211
2019/11/04 04:19:10.853,60.0800006866455,42.0999984741211
2019/11/04 04:24:11.533,59.9,42.0999984741211
2019/11/04 04:29:12.175,59.9,42.2000007629395
2019/11/04 04:34:12.843,59.9,42.2000007629395
2019/11/04 04:39:13.488,59.9,42.0999984741211
2019/11/04 04:44:14.160,59.9,42.0999984741211
2019/11/04 04:49:14.802,59.9,42.2000007629395
2019/11/04 04:54:15.469,59.7199993133545,42.2000007629395
2019/11/04 04:59:16.118,59.7199993133545,42.2000007629395
2019/11/04 05:04:16.781,59.7199993133545,42.0999984741211
2019/11/04 05:09:19.953,59.5400003433228,42.2000007629395
2019/11/04 05:14:20.618,59.5400003433228,42.2000007629395
2019/11/04 05:19:21.262,59.5400003433228,42.2999992370605
2019/11/04 05:24:21.940,59.5400003433228,42.2000007629395
2019/11/04 05:29:22.582,59.5400003433228,42.2000007629395
2019/11/04 05:34:23.260,59.5400003433228,42.0999984741211
2019/11/04 05:39:23.903,59.5400003433228,42.0999984741211
2019/11/04 05:44:24.580,59.3599996566772,42.0999984741211
2019/11/04 05:49:25.223,59.3599996566772,42.0999984741211
2019/11/04 05:54:25.899,59.3599996566772,42.0999984741211
2019/11/04 05:59:26.552,59.3599996566772,42.0999984741211
2019/11/04 06:04:27.222,59.3599996566772,42.0999984741211
2019/11/04 06:09:27.865,59.3599996566772,42.0999984741211
2019/11/04 06:14:28.537,59.3599996566772,42.0999984741211
2019/11/04 06:19:29.254,59.1800006866455,42.0999984741211
2019/11/04 06:24:29.921,59.1800006866455,42.0999984741211
2019/11/04 06:29:30.561,59.1800006866455,42.2000007629395
2019/11/04 06:34:31.255,59.1800006866455,42.2000007629395
2019/11/04 06:39:31.912,59.1800006866455,42.0999984741211
2019/11/04 06:44:32.619,59.3599996566772,42.2000007629395
2019/11/04 06:49:33.277,59.3599996566772,42.2000007629395
2019/11/04 06:54:33.959,59.7199993133545,42.2000007629395
2019/11/04 06:59:34.623,59.7199993133545,42.0999984741211
2019/11/04 07:04:35.315,59.5400003433228,42.0999984741211
2019/11/04 07:09:35.997,59.5400003433228,42.0999984741211
2019/11/04 07:14:36.578,59.9,42.2000007629395
2019/11/04 07:19:37.257,60.2599996566772,42
2019/11/04 07:24:37.915,60.6199993133545,41.9000015258789
2019/11/04 07:29:38.597,60.9800006866455,41.5999984741211
2019/11/04 07:34:39.258,61.339998626709,41.4000015258789
2019/11/04 07:39:39.947,62.060001373291,41.2000007629395
2019/11/04 07:44:40.609,62.960001373291,40.7000007629395
2019/11/04 07:49:41.287,63.860001373291,40.2999992370605
2019/11/04 07:54:41.938,65.1199993133545,39.7999992370605
2019/11/04 07:59:42.607,66.560001373291,39
2019/11/04 08:04:45.757,69.9800006866455,37.4000015258789
2019/11/04 08:09:46.438,69.8,37.4000015258789
2019/11/04 08:14:47.094,70.7,37.2000007629395
2019/11/04 08:19:47.688,71.239998626709,37.0999984741211
2019/11/04 08:24:48.440,71.239998626709,36.9000015258789
2019/11/04 08:29:49.168,71.4199993133545,37
2019/11/04 08:34:49.941,71.239998626709,37.0999984741211
2019/11/04 08:39:50.688,71.060001373291,37
2019/11/04 08:44:51.554,70.8800006866455,37.2999992370605
2019/11/04 08:49:52.365,70.7,37.5
2019/11/04 08:54:53.167,69.8,37.9000015258789
2019/11/04 08:59:53.974,70.160001373291,37.9000015258789
2019/11/04 09:04:54.790,70.5199993133545,37.7000007629395
2019/11/04 09:09:55.604,70.339998626709,37.5999984741211
2019/11/04 09:14:56.411,70.5199993133545,37.7999992370605
2019/11/04 09:19:59.751,71.060001373291,37.5
2019/11/04 09:25:03.154,71.060001373291,37.5999984741211
2019/11/04 09:30:04.001,71.060001373291,37.5999984741211
2019/11/04 09:35:04.803,72.139998626709,37.2999992370605
2019/11/04 09:40:05.638,72.5,36.9000015258789
2019/11/04 09:45:06.410,73.4,36.5
2019/11/04 09:50:07.246,73.939998626709,36.4000015258789
2019/11/04 09:55:08.040,75.0199993133545,35.5999984741211
2019/11/04 10:00:11.376,72.860001373291,36.5999984741211
2019/11/04 10:05:12.209,72.6800006866455,36.5999984741211
2019/11/04 10:10:13.032,71.4199993133545,37.5
2019/11/04 10:15:18.997,69.6199993133545,38.7000007629395
2019/11/04 10:20:19.690,69.6199993133545,38.7999992370605
2019/11/04 10:25:20.458,69.0800006866455,39.2000007629395
2019/11/04 10:30:21.190,68.9,39.0999984741211
2019/11/04 10:35:21.951,68.539998626709,39.5
2019/11/04 10:40:22.742,68.7199993133545,39.4000015258789
2019/11/04 10:45:23.504,68.539998626709,39.7000007629395
2019/11/04 10:50:24.249,67.8199993133545,40.2999992370605
2019/11/04 10:55:25.008,67.8199993133545,40.2999992370605
2019/11/04 11:00:25.732,68,40.2999992370605
2019/11/04 11:05:26.490,68,40.2999992370605
2019/11/04 11:10:27.272,68.539998626709,40
2019/11/04 11:15:28.047,68.9,40
2019/11/04 11:20:28.757,69.0800006866455,39.7999992370605
2019/11/04 11:25:31.965,70.7,38.9000015258789
2019/11/04 11:30:32.631,70.7,38.7999992370605
2019/11/04 11:35:33.288,71.7800006866455,38.2000007629395
2019/11/04 11:40:33.938,72.5,37.9000015258789
2019/11/04 11:45:34.624,73.2199993133545,37.5999984741211
2019/11/04 11:50:35.297,73.939998626709,37.2000007629395
2019/11/04 11:55:35.949,75.2,36.4000015258789
2019/11/04 12:00:36.617,75.9199993133545,36
2019/11/04 12:05:37.258,78.0800006866455,34.7999992370605
2019/11/04 12:10:37.927,79.7,33.9000015258789
2019/11/04 12:15:38.492,80.6,33.5
2019/11/04 12:20:39.167,81.5,32.9000015258789
2019/11/04 12:25:39.738,83.3,31.7999992370605
2019/11/04 12:30:40.347,85.1,30.2000007629395
2019/11/04 12:35:40.938,86,29.7000007629395
2019/11/04 12:40:44.167,87.439998626709,29.2999992370605
2019/11/04 12:45:44.847,87.439998626709,29.2999992370605
2019/11/04 12:50:45.438,88.7,28.8999996185303
2019/11/04 12:55:48.687,90.320002746582,28.2999992370605
2019/11/04 13:00:49.357,90.139998626709,28.2999992370605
2019/11/04 13:05:50.019,90.679997253418,28.1000003814697
2019/11/04 13:10:50.687,91.760001373291,28
2019/11/04 13:15:51.340,92.839998626709,27.7000007629395
2019/11/04 13:20:51.947,93.379997253418,27.3999996185303
2019/11/04 13:25:52.503,93.739998626709,27.2000007629395
2019/11/04 13:30:53.164,93.920002746582,27.1000003814697
2019/11/04 13:35:53.818,94.1,27
2019/11/04 13:40:54.456,94.639998626709,26.8999996185303
2019/11/04 13:45:55.131,94.820002746582,26.7000007629395
2019/11/04 13:50:55.690,95.360001373291,26.7999992370605
2019/11/04 13:55:56.278,95.539998626709,26.3999996185303
2019/11/04 14:00:56.935,95.720002746582,26.3999996185303
2019/11/04 14:05:57.627,95.179997253418,26.2000007629395
2019/11/04 14:10:58.190,95,26.2999992370605
2019/11/04 14:15:58.868,95,26.2999992370605
2019/11/04 14:20:59.440,94.820002746582,26.2000007629395
2019/11/04 14:26:00.028,94.639998626709,26.2000007629395
2019/11/04 14:31:00.690,95,26.2999992370605
2019/11/04 14:36:01.367,94.820002746582,26.2000007629395
2019/11/04 14:41:01.995,94.460001373291,26.2000007629395
2019/11/04 14:46:02.683,94.279997253418,26.2999992370605
2019/11/04 14:51:03.250,94.1,26.5
2019/11/04 14:56:03.848,93.739998626709,26.6000003814697
2019/11/04 15:01:04.410,93.2,26.8999996185303
2019/11/04 15:06:05.088,92.660001373291,27.1000003814697
2019/11/04 15:11:05.690,92.120002746582,27.2999992370605
2019/11/04 15:16:06.278,91.220002746582,27.6000003814697
2019/11/04 15:21:06.935,90.5,28.1000003814697
2019/11/04 15:26:07.611,89.239998626709,28.3999996185303
2019/11/04 15:31:08.278,87.9800006866455,29.1000003814697
2019/11/04 15:36:08.991,86.9,29.6000003814697
2019/11/04 15:41:09.643,85.8199993133545,30
2019/11/04 15:46:10.324,84.560001373291,30.6000003814697
2019/11/04 15:51:10.971,82.4,31.6000003814697
2019/11/04 15:56:11.654,80.060001373291,32.7000007629395
2019/11/04 16:01:12.307,77.7199993133545,33.9000015258789
2019/11/04 16:06:12.980,75.560001373291,35
2019/11/04 16:11:13.628,73.760001373291,36.2000007629395
2019/11/04 16:16:14.311,72.139998626709,37.2999992370605
2019/11/04 16:21:14.964,70.7,38.2000007629395
2019/11/04 16:26:18.178,68.1800006866455,39.9000015258789
2019/11/04 16:31:18.858,68,39.7999992370605
2019/11/04 16:36:22.214,66.3800006866455,41.2999992370605
2019/11/04 16:41:23.048,66.2,41.2999992370605
2019/11/04 16:46:23.790,65.4800006866455,42.2999992370605
2019/11/04 16:51:24.612,64.4,43.0999984741211
2019/11/04 16:56:25.445,63.5,43.7000007629395
2019/11/04 17:01:26.192,62.7800006866455,44.2000007629395
2019/11/04 17:06:27.004,61.8800006866455,44.7000007629395
2019/11/04 17:11:27.851,61.339998626709,45.2999992370605
2019/11/04 17:16:30.090,61.7,45.7000007629395
2019/11/04 17:21:32.207,63.6800006866455,44.5
2019/11/04 17:26:35.645,65.1199993133545,43.5999984741211
2019/11/04 17:31:36.422,66.2,42.7999992370605
2019/11/04 17:36:37.200,66.9199993133545,42.2999992370605
2019/11/04 17:41:37.941,67.2800006866455,42
2019/11/04 17:46:38.710,67.460001373291,41.9000015258789
2019/11/04 17:51:39.444,67.8199993133545,41.7999992370605
2019/11/04 17:56:40.202,68.1800006866455,41.5999984741211
2019/11/04 18:01:40.973,68.1800006866455,41.5
2019/11/04 18:06:41.708,68.7199993133545,41.2000007629395
2019/11/04 18:11:43.747,68.539998626709,41.0999984741211
2019/11/04 18:16:47.009,68.7199993133545,41.0999984741211
2019/11/04 18:21:47.782,68.7199993133545,41.0999984741211
2019/11/04 18:26:48.507,68.7199993133545,41
2019/11/04 18:31:49.243,68.539998626709,41.0999984741211
2019/11/04 18:36:52.535,68.1800006866455,41.5
2019/11/04 18:41:53.110,68.1800006866455,41.5
2019/11/04 18:46:53.794,68,41.5999984741211
2019/11/04 18:51:54.442,67.8199993133545,41.7999992370605
2019/11/04 18:56:55.068,67.639998626709,42
2019/11/04 19:01:57.252,67.639998626709,41.9000015258789
2019/11/04 19:06:57.938,67.639998626709,41.9000015258789
2019/11/04 19:11:58.603,67.639998626709,41.9000015258789
2019/11/04 19:16:59.208,67.460001373291,41.7999992370605
2019/11/04 19:21:59.887,67.460001373291,41.7999992370605
2019/11/04 19:27:00.565,67.1,41.9000015258789
2019/11/04 19:32:01.160,66.9199993133545,42.2000007629395
2019/11/04 19:37:01.839,66.9199993133545,42.0999984741211
2019/11/04 19:42:02.512,66.9199993133545,42.0999984741211
2019/11/04 19:47:03.128,66.9199993133545,42.2000007629395
2019/11/04 19:52:03.807,66.9199993133545,42.2000007629395
2019/11/04 19:57:06.962,66.739998626709,42.2000007629395
2019/11/04 20:02:07.598,66.739998626709,42.2000007629395
2019/11/04 20:07:08.255,66.560001373291,42.2000007629395
2019/11/04 20:12:08.838,66.560001373291,42.2999992370605
2019/11/04 20:17:09.491,66.2,42.2999992370605
2019/11/04 20:22:10.088,66.2,42.4000015258789
2019/11/04 20:27:10.748,66.2,42.4000015258789
2019/11/04 20:32:11.328,66.2,42.2999992370605
2019/11/04 20:37:11.975,66.0199993133545,42.4000015258789
2019/11/04 20:42:12.578,65.839998626709,42.4000015258789
2019/11/04 20:47:13.234,65.660001373291,42.5
2019/11/04 20:52:13.917,65.4800006866455,42.5
2019/11/04 20:57:14.530,65.3,42.5999984741211
2019/11/04 21:02:15.197,65.3,42.7000007629395
2019/11/04 21:07:15.760,65.1199993133545,42.7000007629395
2019/11/04 21:12:16.443,65.1199993133545,42.7000007629395
2019/11/04 21:17:17.092,64.939998626709,42.7000007629395
2019/11/04 21:22:17.708,64.5800006866455,42.9000015258789
2019/11/04 21:27:18.397,64.4,43
2019/11/04 21:32:19.158,64.2199993133545,43.2000007629395
2019/11/04 21:37:19.750,64.039998626709,43.2000007629395
2019/11/04 21:42:20.418,64.039998626709,43.0999984741211
2019/11/04 21:47:21.066,64.039998626709,43.2999992370605
2019/11/04 21:52:21.648,63.6800006866455,43.4000015258789
2019/11/04 21:57:22.295,63.6800006866455,43.4000015258789
2019/11/04 22:02:22.908,63.6800006866455,43.4000015258789
2019/11/04 22:07:23.539,63.860001373291,43.2000007629395
2019/11/04 22:12:24.138,63.6800006866455,43.2000007629395
2019/11/04 22:17:27.315,63.5,43.2999992370605
2019/11/04 22:22:27.908,63.5,43.2999992370605
2019/11/04 22:27:28.582,63.5,43.0999984741211
2019/11/04 22:32:29.293,63.5,43.2000007629395
2019/11/04 22:37:29.860,63.139998626709,43.4000015258789
2019/11/04 22:42:30.438,63.139998626709,43.4000015258789
2019/11/04 22:47:31.086,62.960001373291,43.4000015258789
2019/11/04 22:52:31.773,62.960001373291,43.4000015258789
2019/11/04 22:57:32.340,62.960001373291,43.4000015258789
2019/11/04 23:02:33.012,62.7800006866455,43.5
2019/11/04 23:07:33.570,62.7800006866455,43.5
2019/11/04 23:12:34.249,62.6,43.4000015258789
2019/11/04 23:17:34.810,62.4199993133545,43.5
2019/11/04 23:22:35.487,62.239998626709,43.5999984741211
2019/11/04 23:27:36.157,62.239998626709,43.7000007629395
2019/11/04 23:32:36.937,62.060001373291,43.5999984741211
2019/11/04 23:37:37.599,62.060001373291,43.7000007629395
2019/11/04 23:42:38.218,62.060001373291,43.5999984741211
2019/11/04 23:47:38.869,62.060001373291,43.5999984741211
2019/11/04 23:52:39.548,62.239998626709,43.5999984741211
2019/11/04 23:57:40.170,62.060001373291,43.7000007629395
2019/11/05 00:02:40.840,61.8800006866455,43.7000007629395
2019/11/05 00:07:41.420,62.060001373291,43.7000007629395
2019/11/05 00:12:42.092,61.8800006866455,43.7999992370605
2019/11/05 00:17:42.650,61.7,43.9000015258789
2019/11/05 00:22:43.342,61.8800006866455,43.7999992370605
2019/11/05 00:27:44.007,61.8800006866455,43.7999992370605
2019/11/05 00:32:44.598,61.8800006866455,43.7999992370605
2019/11/05 00:37:45.246,61.8800006866455,43.7999992370605
2019/11/05 00:42:45.828,62.060001373291,43.7000007629395
2019/11/05 00:47:46.474,61.8800006866455,43.7999992370605
2019/11/05 00:52:47.058,61.8800006866455,43.9000015258789
2019/11/05 00:57:50.274,61.7,43.7999992370605
2019/11/05 01:02:50.937,61.5199993133545,43.7999992370605
2019/11/05 01:07:51.585,61.7,43.9000015258789
2019/11/05 01:12:52.239,61.7,43.7999992370605
2019/11/05 01:17:52.920,61.5199993133545,43.7999992370605
2019/11/05 01:22:56.144,61.8800006866455,43.7000007629395
2019/11/05 01:27:56.720,61.8800006866455,43.7000007629395
2019/11/05 01:32:57.398,62.060001373291,43.5999984741211
2019/11/05 01:37:58.033,62.060001373291,43.5999984741211
2019/11/05 01:42:58.688,62.4199993133545,43.5
2019/11/05 01:47:59.353,62.960001373291,43.2999992370605
2019/11/05 01:52:59.928,63.3199993133545,43
2019/11/05 01:58:00.601,63.5,42.9000015258789
2019/11/05 02:03:01.218,63.6800006866455,42.7999992370605
2019/11/05 02:08:04.398,64.039998626709,42.7000007629395
2019/11/05 02:13:05.079,63.860001373291,42.5999984741211
2019/11/05 02:18:05.700,63.860001373291,42.7000007629395
2019/11/05 02:23:08.894,63.6800006866455,42.7999992370605
2019/11/05 02:28:12.165,63.3199993133545,43.2000007629395
2019/11/05 02:33:15.291,62.960001373291,43.5
2019/11/05 02:38:15.928,62.960001373291,43.5
2019/11/05 02:43:16.599,62.7800006866455,43.7000007629395
2019/11/05 02:48:17.279,62.960001373291,43.7999992370605
2019/11/05 02:53:17.880,63.139998626709,43.7000007629395
2019/11/05 02:58:18.553,63.139998626709,43.5
2019/11/05 03:03:19.130,63.139998626709,43.5
2019/11/05 03:08:19.806,63.3199993133545,43.5999984741211
2019/11/05 03:13:20.479,63.3199993133545,43.5999984741211
2019/11/05 03:18:21.088,63.5,43.5999984741211
2019/11/05 03:23:21.756,63.5,43.5999984741211
2019/11/05 03:28:22.467,63.6800006866455,43.5999984741211
2019/11/05 03:33:23.154,63.6800006866455,43.5999984741211
2019/11/05 03:38:23.758,63.6800006866455,43.5999984741211
2019/11/05 03:43:24.431,63.860001373291,43.5999984741211
2019/11/05 03:48:25.107,63.6800006866455,43.7999992370605
2019/11/05 03:53:25.710,63.6800006866455,43.7000007629395
2019/11/05 03:58:26.381,63.5,43.7000007629395
2019/11/05 04:03:27.060,63.5,43.7999992370605
2019/11/05 04:08:27.658,63.3199993133545,43.9000015258789
2019/11/05 04:13:30.816,63.6800006866455,43.9000015258789
2019/11/05 04:18:31.408,63.6800006866455,43.9000015258789
2019/11/05 04:23:32.050,63.860001373291,43.7000007629395
2019/11/05 04:28:32.638,63.860001373291,43.5999984741211
2019/11/05 04:33:33.285,63.860001373291,43.5999984741211
2019/11/05 04:38:33.868,63.860001373291,43.5999984741211
2019/11/05 04:43:34.524,63.860001373291,43.5999984741211
2019/11/05 04:48:35.118,63.6800006866455,43.7000007629395
2019/11/05 04:53:35.773,63.860001373291,43.7000007629395
2019/11/05 04:58:36.453,63.860001373291,43.5999984741211
2019/11/05 05:03:37.117,63.860001373291,43.5999984741211
2019/11/05 05:08:37.688,63.6800006866455,43.7000007629395
2019/11/05 05:13:38.250,63.5,43.7999992370605
2019/11/05 05:18:38.848,63.5,43.7999992370605
2019/11/05 05:23:39.600,63.5,43.9000015258789
2019/11/05 05:28:40.281,63.3199993133545,43.7999992370605
2019/11/05 05:33:40.925,63.139998626709,44
2019/11/05 05:38:41.607,62.7800006866455,44.2000007629395
2019/11/05 05:43:42.254,62.6,44.2999992370605
2019/11/05 05:48:42.930,62.6,44.2999992370605
2019/11/05 05:53:43.576,62.6,44.4000015258789
2019/11/05 05:58:44.249,62.6,44.2999992370605
2019/11/05 06:03:44.894,62.6,44.2000007629395
2019/11/05 06:08:45.571,62.7800006866455,44.0999984741211
2019/11/05 06:13:46.237,62.6,44.0999984741211
2019/11/05 06:18:46.883,62.4199993133545,44.2000007629395
2019/11/05 06:23:47.557,62.4199993133545,44.2999992370605
2019/11/05 06:28:48.118,62.6,44.2000007629395
2019/11/05 06:33:52.677,62.6,44.2000007629395
2019/11/05 06:38:53.338,62.6,44.0999984741211
2019/11/05 06:43:54.000,62.7800006866455,44.2000007629395
2019/11/05 06:48:54.588,62.960001373291,44.0999984741211
2019/11/05 06:53:55.251,62.960001373291,43.9000015258789
2019/11/05 06:58:55.937,63.3199993133545,43.9000015258789
2019/11/05 07:03:56.595,63.5,43.7000007629395
2019/11/05 07:08:57.284,63.5,43.5999984741211
2019/11/05 07:13:57.944,63.5,43.7000007629395
2019/11/05 07:18:58.621,63.5,43.7000007629395
2019/11/05 07:23:59.274,63.6800006866455,43.7000007629395
2019/11/05 07:28:59.966,64.039998626709,43.5999984741211
2019/11/05 07:34:00.619,64.4,43.2999992370605
2019/11/05 07:39:03.824,64.939998626709,43.0999984741211
2019/11/05 07:44:04.504,64.760001373291,43
2019/11/05 07:49:05.158,64.760001373291,43.0999984741211
2019/11/05 07:54:05.833,64.5800006866455,43.4000015258789
2019/11/05 07:59:06.480,64.5800006866455,43.5
2019/11/05 08:04:07.168,64.5800006866455,43.5
2019/11/05 08:09:07.836,64.939998626709,43.5
2019/11/05 08:14:08.518,64.939998626709,43.4000015258789
2019/11/05 08:19:09.170,65.4800006866455,43.0999984741211
2019/11/05 08:24:09.758,65.3,43.2000007629395
2019/11/05 08:29:10.407,65.839998626709,43
2019/11/05 08:34:10.998,66.3800006866455,42.5999984741211
2019/11/05 08:39:11.659,66.560001373291,42.5999984741211
2019/11/05 08:44:12.268,66.739998626709,42.5999984741211
2019/11/05 08:49:12.916,66.560001373291,42.7000007629395
2019/11/05 08:54:13.508,66.739998626709,42.5999984741211
2019/11/05 08:59:14.287,67.1,42.2999992370605
2019/11/05 09:04:14.888,67.460001373291,42.2999992370605
2019/11/05 09:09:15.534,67.2800006866455,42.2999992370605
2019/11/05 09:14:16.210,67.460001373291,42.0999984741211
2019/11/05 09:19:16.857,67.2800006866455,42.4000015258789
2019/11/05 09:24:17.529,67.1,42.5
2019/11/05 09:29:18.178,67.2800006866455,42.4000015258789
2019/11/05 09:34:18.851,67.639998626709,42.2000007629395
2019/11/05 09:39:19.499,67.639998626709,42.0999984741211
2019/11/05 09:44:20.189,67.639998626709,42.2000007629395
2019/11/05 09:49:20.837,68.7199993133545,41.5999984741211
2019/11/05 09:54:21.519,69.0800006866455,41.2999992370605
2019/11/05 09:59:22.168,69.8,40.9000015258789
2019/11/05 10:04:25.378,70.5199993133545,40.5
2019/11/05 10:09:26.056,70.339998626709,40.5
2019/11/05 10:14:26.702,70.5199993133545,40.5
2019/11/05 10:19:27.358,70.160001373291,40.5999984741211
2019/11/05 10:24:28.001,71.060001373291,40.2999992370605
2019/11/05 10:29:28.670,71.6,39.9000015258789
2019/11/05 10:34:29.326,72.139998626709,39.5
2019/11/05 10:39:29.997,71.960001373291,39.2999992370605
2019/11/05 10:44:35.706,71.960001373291,39.5999984741211
2019/11/05 10:49:36.377,71.960001373291,39.5999984741211
2019/11/05 10:54:37.083,72.139998626709,39.5
2019/11/05 10:59:37.754,72.5,39.4000015258789
2019/11/05 11:04:38.401,73.039998626709,39.2000007629395
2019/11/05 11:09:39.073,73.2199993133545,38.7999992370605
2019/11/05 11:14:39.719,72.5,38.9000015258789
2019/11/05 11:19:40.394,71.239998626709,39.5999984741211
2019/11/05 11:24:41.036,70.160001373291,40.5
2019/11/05 11:29:41.716,69.0800006866455,41.0999984741211
2019/11/05 11:34:42.361,68.360001373291,41.2000007629395
2019/11/05 11:39:43.031,67.8199993133545,41.7999992370605
2019/11/05 11:44:43.673,67.1,42.2999992370605
2019/11/05 11:49:44.344,66.560001373291,42.7000007629395
2019/11/05 11:54:44.989,67.1,42.5
2019/11/05 11:59:45.660,67.2800006866455,42
2019/11/05 12:04:46.303,66.560001373291,42.7999992370605
2019/11/05 12:09:46.975,65.660001373291,43.7000007629395
2019/11/05 12:14:47.621,65.1199993133545,44.2000007629395
2019/11/05 12:19:48.292,64.760001373291,44.5
2019/11/05 12:24:48.936,64.2199993133545,44.9000015258789
2019/11/05 12:29:49.629,64.039998626709,45.0999984741211
2019/11/05 12:34:50.275,64.039998626709,44.9000015258789
2019/11/05 12:39:50.888,64.4,45.2000007629395
2019/11/05 12:44:51.536,66.3800006866455,44.2000007629395
2019/11/05 12:49:52.208,68.539998626709,42.5999984741211
2019/11/05 12:54:52.873,70.339998626709,41.4000015258789
2019/11/05 12:59:53.539,71.960001373291,40.4000015258789
2019/11/05 13:04:54.186,73.5800006866455,39.5
2019/11/05 13:09:54.858,74.660001373291,38.5999984741211
2019/11/05 13:14:55.487,74.1199993133545,38.5999984741211
2019/11/05 13:19:56.167,72.6800006866455,39.5
2019/11/05 13:24:56.810,71.239998626709,40.5999984741211
2019/11/05 13:29:57.494,69.6199993133545,41.4000015258789
2019/11/05 13:34:58.139,68.539998626709,42.2000007629395
2019/11/05 13:39:58.808,67.8199993133545,42.7999992370605
2019/11/05 13:44:59.456,67.460001373291,43
2019/11/05 13:50:00.131,67.639998626709,42.7000007629395
2019/11/05 13:55:00.777,67.8199993133545,42.5
2019/11/05 14:00:01.453,67.639998626709,42.7000007629395
2019/11/05 14:05:02.101,67.2800006866455,43.0999984741211
2019/11/05 14:10:02.778,66.9199993133545,43.4000015258789
2019/11/05 14:15:03.425,66.2,44.2000007629395
2019/11/05 14:20:04.109,65.4800006866455,44.9000015258789
2019/11/05 14:25:04.760,65.1199993133545,45.2000007629395
2019/11/05 14:30:05.446,64.760001373291,45.4000015258789
2019/11/05 14:35:06.094,64.4,45.7000007629395
2019/11/05 14:40:06.779,64.2199993133545,45.9000015258789
2019/11/05 14:45:07.429,63.6800006866455,46.2999992370605
2019/11/05 14:50:08.223,63.5,46.7000007629395
2019/11/05 14:55:08.880,65.4800006866455,45.9000015258789
2019/11/05 15:00:09.558,67.460001373291,44.2000007629395
2019/11/05 15:05:10.206,68.9,43.2000007629395
2019/11/05 15:10:10.888,69.9800006866455,42.4000015258789
2019/11/05 15:15:11.457,70.8800006866455,41.9000015258789
2019/11/05 15:20:14.657,70.7,41.7000007629395
2019/11/05 15:25:15.320,70.7,41.7000007629395
2019/11/05 15:30:15.996,71.060001373291,41.5
2019/11/05 15:35:16.668,71.4199993133545,41.2000007629395
2019/11/05 15:40:17.341,71.6,41.2000007629395
2019/11/05 15:45:20.507,71.6,40.9000015258789
2019/11/05 15:50:21.157,71.6,40.9000015258789
2019/11/05 15:55:21.808,71.4199993133545,41.2000007629395
2019/11/05 16:00:22.489,71.960001373291,41
2019/11/05 16:05:23.051,72.139998626709,41
2019/11/05 16:10:23.730,71.960001373291,41
2019/11/05 16:15:24.377,70.339998626709,41.7000007629395
2019/11/05 16:20:27.537,66.3800006866455,44.5999984741211
2019/11/05 16:25:30.722,64.5800006866455,45.9000015258789
2019/11/05 16:30:31.399,64.5800006866455,45.9000015258789
2019/11/05 16:35:31.970,63.139998626709,46.9000015258789
2019/11/05 16:40:32.558,62.060001373291,47.5999984741211
2019/11/05 16:45:33.190,62.060001373291,48.0999984741211
2019/11/05 16:50:33.938,63.6800006866455,47
2019/11/05 16:55:34.584,65.1199993133545,45.7999992370605
2019/11/05 17:00:35.264,66.2,45.0999984741211
2019/11/05 17:05:35.917,66.739998626709,44.9000015258789
2019/11/05 17:10:39.137,66.739998626709,44.9000015258789
2019/11/05 17:15:39.768,66.739998626709,44.9000015258789
2019/11/05 17:20:40.440,66.9199993133545,45
2019/11/05 17:25:41.119,67.1,44.9000015258789
2019/11/05 17:30:41.817,66.9199993133545,45
2019/11/05 17:35:42.458,66.3800006866455,45.5999984741211
2019/11/05 17:40:43.137,66.2,45.7999992370605
2019/11/05 17:45:43.718,66.3800006866455,45.7000007629395
2019/11/05 17:50:46.951,66.0199993133545,46.2000007629395
2019/11/05 17:55:47.635,66.0199993133545,46.0999984741211
2019/11/05 18:00:48.190,66.3800006866455,46
2019/11/05 18:05:48.768,66.2,46
2019/11/05 18:10:49.422,66.739998626709,45.9000015258789
2019/11/05 18:15:50.091,66.9199993133545,45.5999984741211
2019/11/05 18:20:50.699,67.2800006866455,45.4000015258789
2019/11/05 18:25:51.388,67.639998626709,45
2019/11/05 18:30:52.004,67.639998626709,44.7999992370605
2019/11/05 18:35:52.598,67.460001373291,45.2000007629395
2019/11/05 18:40:53.190,67.2800006866455,45.5
2019/11/05 18:45:53.828,67.460001373291,45.2999992370605
2019/11/05 18:50:56.969,67.8199993133545,45.0999984741211
2019/11/05 18:56:00.166,67.8199993133545,45.0999984741211
2019/11/05 19:01:00.837,67.8199993133545,45.0999984741211
2019/11/05 19:06:01.440,67.8199993133545,44.9000015258789
2019/11/05 19:11:02.028,68,45.0999984741211
2019/11/05 19:16:02.671,68,45
2019/11/05 19:21:03.336,68.1800006866455,45
2019/11/05 19:26:03.981,68,44.9000015258789
2019/11/05 19:31:04.650,68.1800006866455,44.9000015258789
2019/11/05 19:36:05.297,68.1800006866455,45
2019/11/05 19:41:05.938,68.360001373291,44.9000015258789
2019/11/05 19:46:06.584,68.539998626709,44.7000007629395
2019/11/05 19:51:07.168,68.7199993133545,44.5999984741211
2019/11/05 19:56:07.816,68.539998626709,44.7000007629395
2019/11/05 20:01:08.438,68.539998626709,44.5999984741211
2019/11/05 20:06:09.046,68.539998626709,44.7999992370605
2019/11/05 20:11:09.688,68.539998626709,44.7999992370605
2019/11/05 20:16:10.330,68.360001373291,44.9000015258789
2019/11/05 20:21:10.958,68.1800006866455,45.0999984741211
2019/11/05 20:26:11.605,68,45.2000007629395
2019/11/05 20:31:12.278,68.1800006866455,45.0999984741211
2019/11/05 20:36:12.924,67.8199993133545,45.2999992370605
2019/11/05 20:41:13.598,67.460001373291,45.5
2019/11/05 20:46:14.270,67.460001373291,45.5999984741211
2019/11/05 20:51:14.948,67.639998626709,45.5999984741211
2019/11/05 20:56:15.593,67.460001373291,45.7000007629395
2019/11/05 21:01:16.275,67.460001373291,45.5999984741211
2019/11/05 21:06:16.928,67.2800006866455,45.7000007629395
2019/11/05 21:11:17.604,67.1,46
2019/11/05 21:16:18.250,67.2800006866455,45.9000015258789
2019/11/05 21:21:18.933,67.2800006866455,46
2019/11/05 21:26:19.580,67.639998626709,45.5999984741211
2019/11/05 21:31:20.261,66.9199993133545,46
2019/11/05 21:36:20.913,66.3800006866455,46.7000007629395
2019/11/05 21:41:21.593,66.739998626709,46.5
2019/11/05 21:46:22.242,66.9199993133545,46.2999992370605
2019/11/05 21:51:22.925,67.1,46.0999984741211
2019/11/05 21:56:23.572,67.2800006866455,46.0999984741211
2019/11/05 22:01:24.253,67.1,46
2019/11/05 22:06:24.907,67.1,46
2019/11/05 22:11:25.591,67.2800006866455,46
2019/11/05 22:16:26.259,67.1,46
2019/11/05 22:21:26.888,66.9199993133545,46
2019/11/05 22:26:27.535,66.9199993133545,46.2000007629395
2019/11/05 22:31:28.221,67.1,45.9000015258789
2019/11/05 22:36:28.870,67.2800006866455,45.7999992370605
2019/11/05 22:41:29.688,67.2800006866455,45.9000015258789
2019/11/05 22:46:30.336,67.2800006866455,45.9000015258789
2019/11/05 22:51:30.978,67.2800006866455,45.7999992370605
2019/11/05 22:56:31.637,67.1,45.9000015258789
2019/11/05 23:01:32.287,67.2800006866455,45.7999992370605
2019/11/05 23:06:32.936,67.460001373291,45.5999984741211
2019/11/05 23:11:33.617,67.8199993133545,45.2999992370605
2019/11/05 23:16:34.263,67.8199993133545,45.2999992370605
2019/11/05 23:21:34.945,66.9199993133545,45.9000015258789
2019/11/05 23:26:35.597,66.739998626709,46.2999992370605
2019/11/05 23:31:36.178,66.3800006866455,46.5
2019/11/05 23:36:39.353,66.739998626709,46.4000015258789
2019/11/05 23:41:40.034,66.739998626709,46.2999992370605
2019/11/05 23:46:40.697,66.560001373291,46.2999992370605
2019/11/05 23:51:41.298,66.739998626709,46.2999992370605
2019/11/05 23:56:41.957,66.9199993133545,46.2000007629395
2019/11/06 00:01:42.608,66.9199993133545,46
2019/11/06 00:06:43.190,67.1,46
2019/11/06 00:11:43.808,67.460001373291,45.9000015258789
2019/11/06 00:16:44.440,67.639998626709,45.7000007629395
2019/11/06 00:21:45.038,67.460001373291,45.7000007629395
2019/11/06 00:26:45.610,67.2800006866455,45.9000015258789
2019/11/06 00:31:46.258,67.2800006866455,45.9000015258789
2019/11/06 00:36:46.987,67.1,46
2019/11/06 00:41:47.642,67.460001373291,45.9000015258789
2019/11/06 00:46:48.210,67.460001373291,45.7000007629395
2019/11/06 00:51:48.891,67.1,46
2019/11/06 00:56:52.016,66.560001373291,46.4000015258789
2019/11/06 01:01:52.677,66.560001373291,46.5
2019/11/06 01:06:53.331,66.2,46.7999992370605
2019/11/06 01:11:53.940,66.2,47
2019/11/06 01:16:54.568,66.3800006866455,46.7999992370605
2019/11/06 01:21:55.190,66.0199993133545,47
2019/11/06 01:26:55.788,66.2,46.9000015258789
2019/11/06 01:31:56.435,66.3800006866455,46.9000015258789
2019/11/06 01:36:57.105,66.3800006866455,46.7999992370605
2019/11/06 01:41:57.727,66.739998626709,46.5999984741211
2019/11/06 01:46:58.308,66.2,46.9000015258789
2019/11/06 01:51:58.940,65.839998626709,47.2999992370605
2019/11/06 01:57:02.144,65.4800006866455,47.7000007629395
2019/11/06 02:02:02.738,65.4800006866455,47.7000007629395
2019/11/06 02:07:03.385,65.4800006866455,47.7000007629395
2019/11/06 02:12:03.968,65.4800006866455,47.7000007629395
2019/11/06 02:17:04.530,65.660001373291,47.5
2019/11/06 02:22:05.201,65.839998626709,47.2999992370605
2019/11/06 02:27:05.770,66.0199993133545,47.2000007629395
2019/11/06 02:32:08.918,65.660001373291,47.4000015258789
2019/11/06 02:37:09.630,65.660001373291,47.4000015258789
2019/11/06 02:42:10.288,65.660001373291,47.4000015258789
2019/11/06 02:47:10.966,65.660001373291,47.5
2019/11/06 02:52:11.614,65.4800006866455,47.5999984741211
2019/11/06 02:57:12.208,65.839998626709,47.4000015258789
2019/11/06 03:02:12.877,66.0199993133545,47.2999992370605
2019/11/06 03:07:13.438,66.2,47.2000007629395
2019/11/06 03:12:14.084,66.0199993133545,47.0999984741211
2019/11/06 03:17:14.688,66.0199993133545,47.2999992370605
2019/11/06 03:22:15.330,65.839998626709,47.2999992370605
2019/11/06 03:27:16.003,65.4800006866455,47.7000007629395
2019/11/06 03:32:16.649,65.3,47.5999984741211
2019/11/06 03:37:17.288,65.3,47.7999992370605
2019/11/06 03:42:17.850,64.939998626709,48
2019/11/06 03:47:18.428,64.939998626709,48.0999984741211
2019/11/06 03:52:19.075,64.939998626709,48.0999984741211
2019/11/06 03:57:19.750,64.939998626709,48.2000007629395
2019/11/06 04:02:22.917,64.4,48.7000007629395
2019/11/06 04:07:23.577,64.2199993133545,48.7000007629395
2019/11/06 04:12:24.233,64.4,48.7000007629395
2019/11/06 04:17:24.906,64.4,48.7999992370605
2019/11/06 04:22:25.585,64.2199993133545,48.9000015258789
2019/11/06 04:27:26.296,64.2199993133545,48.7999992370605
2019/11/06 04:32:26.975,64.4,48.7999992370605
2019/11/06 04:37:27.735,64.4,48.5999984741211
2019/11/06 04:42:30.944,64.5800006866455,48.5999984741211
2019/11/06 04:47:31.626,64.5800006866455,48.5999984741211
2019/11/06 04:52:39.865,64.5800006866455,48.4000015258789
2019/11/06 04:57:40.516,64.5800006866455,48.4000015258789
2019/11/06 05:02:41.207,64.5800006866455,48.4000015258789
2019/11/06 05:07:41.777,64.4,48.7000007629395
2019/11/06 05:12:42.439,64.2199993133545,48.7000007629395
2019/11/06 05:17:45.642,64.2199993133545,48.9000015258789
2019/11/06 05:22:46.325,64.2199993133545,48.9000015258789
2019/11/06 05:27:49.524,64.039998626709,49.0999984741211
2019/11/06 05:32:50.188,64.039998626709,49.0999984741211
2019/11/06 05:37:50.847,64.039998626709,49.2999992370605
2019/11/06 05:42:51.418,64.039998626709,49.2999992370605
2019/11/06 05:47:52.087,64.2199993133545,49.2000007629395
2019/11/06 05:52:52.648,64.2199993133545,49
2019/11/06 05:57:55.857,64.5800006866455,48.9000015258789
2019/11/06 06:02:56.528,64.5800006866455,48.9000015258789
2019/11/06 06:07:57.118,64.939998626709,48.7000007629395
2019/11/06 06:12:57.766,64.5800006866455,48.9000015258789
2019/11/06 06:17:58.368,65.1199993133545,48.7000007629395
2019/11/06 06:23:01.554,65.660001373291,48.2999992370605
2019/11/06 06:28:07.336,65.660001373291,48.0999984741211
2019/11/06 06:33:07.998,65.660001373291,48.0999984741211
2019/11/06 06:38:08.608,65.660001373291,48.2000007629395
2019/11/06 06:43:09.314,65.839998626709,48.2000007629395
2019/11/06 06:48:12.535,65.660001373291,48.0999984741211
2019/11/06 06:53:13.250,65.660001373291,48.0999984741211
2019/11/06 06:58:13.870,65.3,48.2999992370605
2019/11/06 07:03:14.561,65.1199993133545,48.5
2019/11/06 07:08:15.226,65.1199993133545,48.5
2019/11/06 07:13:15.818,64.939998626709,48.5
2019/11/06 07:18:16.482,64.939998626709,48.5999984741211
2019/11/06 07:23:17.161,65.1199993133545,48.4000015258789
2019/11/06 07:28:17.780,65.3,48.2000007629395
2019/11/06 07:33:18.388,65.3,48.2000007629395
2019/11/06 07:38:19.052,65.4800006866455,48
2019/11/06 07:43:19.742,65.839998626709,47.7000007629395
2019/11/06 07:48:20.350,66.0199993133545,47.5999984741211
2019/11/06 07:53:20.948,65.660001373291,47.7000007629395
2019/11/06 07:58:21.580,66.0199993133545,47.5
2019/11/06 08:03:22.269,66.2,47.2999992370605
2019/11/06 08:08:22.997,66.2,47.2000007629395
2019/11/06 08:13:23.670,66.3800006866455,47.0999984741211
2019/11/06 08:18:24.287,66.560001373291,46.9000015258789
2019/11/06 08:23:27.472,66.9199993133545,46.5999984741211
2019/11/06 08:28:28.185,66.9199993133545,46.5999984741211
2019/11/06 08:33:28.847,67.2800006866455,46.2000007629395
2019/11/06 08:38:32.073,67.8199993133545,45.7999992370605
2019/11/06 08:43:32.763,67.639998626709,45.7000007629395
2019/11/06 08:48:33.434,68,45.5999984741211
2019/11/06 08:53:34.070,68.539998626709,45.2000007629395
2019/11/06 08:58:34.730,68.539998626709,45.2000007629395
2019/11/06 09:03:35.421,68.7199993133545,44.9000015258789
2019/11/06 09:08:36.087,68.9,44.9000015258789
2019/11/06 09:13:36.785,68.7199993133545,44.5999984741211
2019/11/06 09:18:37.447,68.9,44.2000007629395
2019/11/06 09:23:38.108,68.7199993133545,44.4000015258789
2019/11/06 09:28:38.730,68.9,44.2999992370605
2019/11/06 09:33:39.348,68.7199993133545,44.4000015258789
2019/11/06 09:38:39.940,68.7199993133545,44.4000015258789
2019/11/06 09:43:40.618,68.539998626709,44.4000015258789
2019/11/06 09:48:41.190,68.7199993133545,44.2999992370605
2019/11/06 09:53:41.856,68.360001373291,44.4000015258789
2019/11/06 09:58:42.457,67.8199993133545,44.5999984741211
2019/11/06 10:03:43.121,68.1800006866455,44.5
2019/11/06 10:08:43.802,68.539998626709,44.4000015258789
2019/11/06 10:13:44.485,68.9,44.0999984741211
2019/11/06 10:18:45.124,69.260001373291,43.7000007629395
2019/11/06 10:23:45.768,69.8,43.5
2019/11/06 10:28:46.422,70.160001373291,43.2000007629395
2019/11/06 10:33:47.048,70.7,43
2019/11/06 10:38:47.627,71.4199993133545,42.5999984741211
2019/11/06 10:43:48.282,71.960001373291,42.2000007629395
2019/11/06 10:48:48.930,72.139998626709,41.9000015258789
2019/11/06 10:53:49.603,72.3199993133545,41.7000007629395
2019/11/06 10:58:50.254,73.039998626709,41.2000007629395
2019/11/06 11:03:50.929,73.2199993133545,40.9000015258789
2019/11/06 11:08:51.581,72.139998626709,41.2999992370605
2019/11/06 11:13:52.288,70.7,42
2019/11/06 11:18:52.940,69.260001373291,43
2019/11/06 11:23:53.615,68.360001373291,43.5
2019/11/06 11:28:54.190,68,43.7000007629395
2019/11/06 11:33:54.858,67.639998626709,44
2019/11/06 11:38:55.505,67.1,44.4000015258789
2019/11/06 11:43:56.186,66.739998626709,44.9000015258789
2019/11/06 11:48:56.847,66.3800006866455,45.0999984741211
2019/11/06 11:53:57.500,66.2,45.2999992370605
2019/11/06 11:58:58.147,66.2,45.2999992370605
2019/11/06 12:03:58.830,66.560001373291,45.2999992370605
2019/11/06 12:08:59.479,67.2800006866455,44.7000007629395
2019/11/06 12:14:00.078,68.360001373291,43.7000007629395
2019/11/06 12:19:00.707,68.7199993133545,43.7000007629395
2019/11/06 12:24:01.360,70.7,42.4000015258789
2019/11/06 12:29:02.025,75.2,39
2019/11/06 12:34:02.699,75.0199993133545,39.5999984741211
2019/11/06 12:39:03.344,75.3800006866455,39.5999984741211
2019/11/06 12:44:04.030,76.2800006866455,38.5999984741211
2019/11/06 12:49:07.237,78.260001373291,37
2019/11/06 12:54:07.860,77.9,36.9000015258789
2019/11/06 12:59:08.468,82.039998626709,34.5
2019/11/06 13:04:09.120,84.2,33.5999984741211
2019/11/06 13:09:09.791,85.460001373291,33.2000007629395
2019/11/06 13:14:10.465,87.9800006866455,31.7999992370605
2019/11/06 13:19:11.078,89.960001373291,31.2000007629395
2019/11/06 13:24:11.752,90.679997253418,30.7999992370605
2019/11/06 13:29:12.433,91.760001373291,30.1000003814697
2019/11/06 13:34:13.030,92.3,29.7000007629395
2019/11/06 13:39:13.708,92.660001373291,29.6000003814697
2019/11/06 13:44:14.382,93.560001373291,29.3999996185303
2019/11/06 13:49:14.978,93.920002746582,29
2019/11/06 13:54:15.651,94.460001373291,28.6000003814697
2019/11/06 13:59:16.331,94.460001373291,28.6000003814697
2019/11/06 14:04:16.930,94.639998626709,28.7000007629395
2019/11/06 14:09:17.605,94.639998626709,28.5
2019/11/06 14:14:18.281,93.920002746582,28.7999992370605
2019/11/06 14:19:18.887,93.739998626709,29
2019/11/06 14:24:19.557,92.839998626709,29.3999996185303
2019/11/06 14:29:20.222,92.120002746582,29.5
2019/11/06 14:34:20.830,90.679997253418,29.7999992370605
2019/11/06 14:39:21.498,89.239998626709,30.2000007629395
2019/11/06 14:44:22.173,88.339998626709,30.6000003814697
2019/11/06 14:49:22.778,87.6199993133545,30.7000007629395
2019/11/06 14:54:23.450,87.0800006866455,30.5
2019/11/06 14:59:24.130,86.539998626709,30.8999996185303
2019/11/06 15:04:24.763,86,31.2000007629395
2019/11/06 15:09:25.435,85.460001373291,31.6000003814697
2019/11/06 15:14:26.107,84.9199993133545,32
2019/11/06 15:19:26.785,84.0199993133545,32.4000015258789
2019/11/06 15:24:29.995,82.939998626709,33.2999992370605
2019/11/06 15:29:30.667,82.939998626709,33.2999992370605
2019/11/06 15:34:31.338,82.4,33.7000007629395
2019/11/06 15:39:32.003,82.2199993133545,33.7999992370605
2019/11/06 15:44:32.651,81.139998626709,34.4000015258789
2019/11/06 15:49:33.324,79.5199993133545,35.2000007629395
2019/11/06 15:54:33.974,77.539998626709,36.2000007629395
2019/11/06 15:59:34.648,75.560001373291,37.2999992370605
2019/11/06 16:04:35.294,73.760001373291,38.5
2019/11/06 16:09:35.976,72.139998626709,39.4000015258789
2019/11/06 16:14:39.153,69.0800006866455,41.7999992370605
2019/11/06 16:19:39.824,68.9,41.7000007629395
2019/11/06 16:24:40.464,67.8199993133545,42.7000007629395
2019/11/06 16:29:41.141,66.560001373291,43.9000015258789
2019/11/06 16:34:41.770,65.3,45.0999984741211
2019/11/06 16:39:42.438,64.2199993133545,45.5999984741211
2019/11/06 16:44:43.067,63.3199993133545,46.2000007629395
2019/11/06 16:49:43.688,62.4199993133545,46.7999992370605
2019/11/06 16:54:44.333,61.5199993133545,47.5999984741211
2019/11/06 16:59:44.958,61.5199993133545,48.0999984741211
2019/11/06 17:04:45.604,63.3199993133545,46.7999992370605
2019/11/06 17:09:46.188,64.939998626709,45.5
2019/11/06 17:14:46.834,66.0199993133545,44.7999992370605
2019/11/06 17:19:47.502,66.560001373291,44.0999984741211
2019/11/06 17:24:48.149,66.739998626709,44.0999984741211
2019/11/06 17:29:48.837,66.739998626709,44.2999992370605
2019/11/06 17:34:49.439,66.560001373291,44.7999992370605
2019/11/06 17:39:50.115,66.2,45.2999992370605
2019/11/06 17:44:50.690,65.4800006866455,46
2019/11/06 17:49:51.307,65.1199993133545,46.0999984741211
2019/11/06 17:54:51.877,64.939998626709,46.0999984741211
2019/11/06 17:59:52.546,64.760001373291,46.2000007629395
2019/11/06 18:04:53.190,64.2199993133545,46.5999984741211
2019/11/06 18:09:53.863,63.860001373291,47.0999984741211
2019/11/06 18:14:54.440,63.5,47.4000015258789
2019/11/06 18:19:55.113,63.139998626709,47.5999984741211
2019/11/06 18:24:55.690,62.960001373291,47.7000007629395
2019/11/06 18:29:56.356,62.960001373291,47.7999992370605
2019/11/06 18:34:56.940,62.7800006866455,47.9000015258789
2019/11/06 18:39:57.558,62.6,48
2019/11/06 18:44:58.190,62.6,48.0999984741211
2019/11/06 18:49:58.870,62.4199993133545,48.0999984741211
2019/11/06 18:54:59.440,62.239998626709,48.0999984741211
2019/11/06 19:00:00.112,62.239998626709,48.4000015258789
2019/11/06 19:05:00.690,62.060001373291,48.2999992370605
2019/11/06 19:10:01.358,62.060001373291,48.5
2019/11/06 19:15:01.974,61.8800006866455,48.5
2019/11/06 19:20:02.638,61.8800006866455,48.7000007629395
2019/11/06 19:25:03.190,61.7,48.7000007629395
